sample_id,set,record_index,source,doi,title,journal,year
M001,main,1452,,10.1586/17474124.2016.1142372,Emerging therapeutic targets and strategies in Crohn’s disease,Expert Review of Gastroenterology and Hepatology,2016
M002,main,1413,,10.1016/j.jmii.2015.12.007,Coexisting cytomegalovirus infection in immunocompetent patients with Clostridium difficile colitis,"Journal of Microbiology, Immunology and Infection",2016
M003,main,1489,,,One year in review 2016: Behçet's syndrome,Clinical and Experimental Rheumatology,2016
M004,main,628,,10.3892/or.2016.4838,Butyrate-mediated acquisition of chemoresistance by human colon cancer cells,ONCOLOGY REPORTS,2016
M005,main,1523,,10.1080/1744666X.2017.1343668,New treatment strategies for ulcerative colitis,Expert Review of Clinical Immunology,2017
M006,main,802,,10.2147/OTT.S145949,"Clinical significance of Fusobacterium nucleatum, epithelial-mesenchymal transition, and cancer stem cell markers in stage III/IV colorectal cancer patients",ONCOTARGETS AND THERAPY,2017
M007,main,1473,,10.1080/03602532.2017.1293682,Glucuronidation: driving factors and their impact on glucuronide disposition,Drug Metabolism Reviews,2017
M008,main,1389,,10.1080/17474124.2017.1344551,Bezlotoxumab: anti-toxin B monoclonal antibody to prevent recurrence of Clostridium difficile infection,Expert Review of Gastroenterology and Hepatology,2017
M009,main,713,,10.1080/14737159.2018.1544495,The microbiome of pancreatic cancer: from molecular diagnostics to new therapeutic approaches to overcome chemoresistance caused by metabolic inactivation of gemcitabine,EXPERT REVIEW OF MOLECULAR DIAGNOSTICS,2018
M010,main,400,,10.1515/cclm-2017-1163,Exploring the microbiota to better understand gastrointestinal cancers physiology,CLINICAL CHEMISTRY AND LABORATORY MEDICINE,2018
M011,main,16,,10.3389/fphar.2018.01050,Prognostic Factors for Checkpoint Inhibitor Based Immunotherapy: An Update With New Evidences,FRONTIERS IN PHARMACOLOGY,2018
M012,main,452,,10.3892/ijo.2018.4570,Mechanisms underlying the effects of stress on tumorigenesis and metastasis (Review),INTERNATIONAL JOURNAL OF ONCOLOGY,2018
M013,main,1487,,10.1182/bloodadvances.2018024968,Fecal microbiota transplantation with frozen capsules for a patient with refractory acute gut graft-versus-host disease,Blood Advances,2018
M014,main,514,,10.1124/dmd.118.083402,How to Determine the Role of the Microbiome in Drug Disposition,DRUG METABOLISM AND DISPOSITION,2018
M015,main,1382,,,Role of the microbiota in hematologic malignancies,Netherlands Journal of Medicine,2019
M016,main,111,,10.21037/tlcr.2019.10.23,The role of the gut microbiome on the efficacy of immune checkpoint inhibitors in Japanese responder patients with advanced non-small cell lung cancer,TRANSLATIONAL LUNG CANCER RESEARCH,2019
M017,main,97,,10.3389/fimmu.2019.02043,The Role of the Lymphocyte Functional Crosstalk and Regulation in the Context of Checkpoint Inhibitor Treatment-Review,FRONTIERS IN IMMUNOLOGY,2019
M018,main,228,,10.1002/ijc.32003,Fecal microbiota transplantation in cancer management: Current status and perspectives,INTERNATIONAL JOURNAL OF CANCER,2019
M019,main,534,,10.1016/j.chom.2019.06.004,Non-traditional Antibacterial Therapeutic Options and Challenges,CELL HOST & MICROBE,2019
M020,main,744,,10.6004/jnccn.2019.5021,Biomarker Testing for Immunotherapy,JOURNAL OF THE NATIONAL COMPREHENSIVE CANCER NETWORK,2019
M021,main,1408,,10.23736/S1121-421X.19.02621-7,Evaluation of cytokine levels as putative biomarkers to predict the pharmacological response to biologic therapy in inflammatory bowel diseases,Minerva Gastroenterologica e Dietologica,2019
M022,main,1442,,10.1016/j.patol.2019.04.005,An integral view of cancer (II). Fields of investigation and emerging biomarkers; [Una visión integral del cáncer (II). Campos de estudio y biomarcadores emergentes],Revista Espanola de Patologia,2019
M023,main,1211,,10.1016/j.semcancer.2019.12.026,Roles of microbiota in response to cancer immunotherapy,Seminars in Cancer Biology,2020
M024,main,1410,,10.1186/s12969-020-0403-9,Patients with enthesitis related arthritis show similar monocyte function pattern as seen in adult axial spondyloarthropathy,Pediatric Rheumatology,2020
M025,main,39,,10.1097/MD.0000000000021788,"RETRACTED: Characterization of gut microbiota in patients with primary hepatocellular carcinoma received immune checkpoint inhibitors A Chinese population-based study (Retracted article. See vol. 104, 2025)",MEDICINE,2020
M026,main,721,,10.1093/ecco-jcc/jjaa039,Metabonomics and the Gut Microbiome Associated With Primary Response to Anti-TNF Therapy in Crohn's Disease,JOURNAL OF CROHNS & COLITIS,2020
M027,main,1203,,10.1001/jama.2020.22960,"Effect of Co-trimoxazole (Trimethoprim-Sulfamethoxazole) vs Placebo on Death, Lung Transplant, or Hospital Admission in Patients with Moderate and Severe Idiopathic Pulmonary Fibrosis: The EME-TIPAC Randomized Clinical Trial",JAMA - Journal of the American Medical Association,2020
M028,main,1492,,10.3390/jcm9092785,"Microbiome patterns in matched bile, duodenal, pancreatic tumor tissue, drainage, and stool samples: Association with preoperative stenting and postoperative pancreatic fistula development",Journal of Clinical Medicine,2020
M029,main,704,,10.1159/000503099,Management of the Elderly Inflammatory Bowel Disease Patient,DIGESTION,2020
M030,main,1403,,10.1016/j.toxlet.2020.02.010,Differential activation of human pregnane X receptor PXR by isomeric mono-methylated indoles in intestinal and hepatic in vitro models,Toxicology Letters,2020
M031,main,1378,,10.3390/cancers12092465,Breast and gut microbiota action mechanisms in breast cancer pathogenesis and treatment,Cancers,2020
M032,main,188,,10.3390/cancers12123729,Primary and Acquired Resistance to Immunotherapy in Lung Cancer: Unveiling the Mechanisms Underlying of Immune Checkpoint Blockade Therapy,CANCERS,2020
M033,main,929,,10.1002/prp2.616,Introducing variability in targeting the microtubules: Review of current mechanisms and future directions in colchicine therapy,PHARMACOLOGY RESEARCH & PERSPECTIVES,2020
M034,main,1424,,10.1002/hep.30975,Probiotic Lactobacillus rhamnosus GG Prevents Liver Fibrosis Through Inhibiting Hepatic Bile Acid Synthesis and Enhancing Bile Acid Excretion in Mice,Hepatology,2020
M035,main,252,,10.1186/s12934-020-01330-3,Type 2 diabetes induced microbiome dysbiosis is associated with therapy resistance in pancreatic adenocarcinoma,MICROBIAL CELL FACTORIES,2020
M036,main,243,,10.1007/s12094-021-02637-2,Mechanisms of primary and acquired resistance to PD-1/PD-L1 blockade and the emerging role of gut microbiome,CLINICAL & TRANSLATIONAL ONCOLOGY,2021
M037,main,1367,,10.1186/s43046-021-00088-y,Reviewing cancer’s biology: an eclectic approach,Journal of the Egyptian National Cancer Institute,2021
M038,main,1365,,10.1016/j.biopha.2021.111712,Ginkgo biloba leaf extract suppresses intestinal human breast cancer resistance protein expression in mice: Correlation with gut microbiota,Biomedicine and Pharmacotherapy,2021
M039,main,1274,,10.1016/j.semcancer.2021.03.028,"Recent trends and advances in the epidemiology, synergism, and delivery system of lycopene as an anti-cancer agent",Seminars in Cancer Biology,2021
M040,main,221,,10.3389/fonc.2021.741376,"The Role of the Gut Microbiome in Pathogenesis, Biology, and Treatment of Plasma Cell Dyscrasias",FRONTIERS IN ONCOLOGY,2021
M041,main,1242,,10.3389/fimmu.2021.704942,The Challenge of ICIs Resistance in Solid Tumours: Could Microbiota and Its Diversity Be Our Secret Weapon?,Frontiers in Immunology,2021
M042,main,1236,,10.1155/2021/4202019,Direct DNA Sequencing-Based Analysis of Microbiota Associated with Hematological Malignancies in the Eastern Province of Saudi Arabia,BioMed Research International,2021
M043,main,854,,10.1007/s40820-020-00560-9,Bacteria-Mediated Synergistic Cancer Therapy: Small Microbiome Has a Big Hope,NANO-MICRO LETTERS,2021
M044,main,1273,,10.1016/j.chom.2021.01.012,Improving ICI outcomes with a little help from my microbial friends,Cell Host and Microbe,2021
M045,main,323,,10.1016/j.bbadis.2021.166179,Mice with dysfunctional TGF-β signaling develop altered intestinal microbiome and colorectal cancer resistant to 5FU,BIOCHIMICA ET BIOPHYSICA ACTA-MOLECULAR BASIS OF DISEASE,2021
M046,main,712,,10.1016/j.imlet.2021.02.007,The onco-immunological implications of Fusobacterium nucleatum in breast cancer,IMMUNOLOGY LETTERS,2021
M047,main,465,,10.1080/13102818.2021.1953400,Negative impact of antibiotic administration on the clinical activity in patients with advanced gastric cancer,BIOTECHNOLOGY & BIOTECHNOLOGICAL EQUIPMENT,2021
M048,main,122,,10.1038/s41416-020-01198-5,Fusobacterium nucleatum confers chemoresistance by modulating autophagy in oesophageal squamous cell carcinoma,BRITISH JOURNAL OF CANCER,2021
M049,main,702,,10.1136/jitc-2021-003675,Dendritic cell vaccines targeting tumor blood vessel antigens in combination with dasatinib induce therapeutic immune responses in patients with checkpoint-refractory advanced melanoma,JOURNAL FOR IMMUNOTHERAPY OF CANCER,2021
M050,main,1190,,10.3389/fimmu.2021.631092,"Ozone-Induced Oxidative Stress, Neutrophilic Airway Inflammation, and Glucocorticoid Resistance in Asthma",Frontiers in Immunology,2021
M051,main,160,,10.3389/fgene.2022.811900,Identification of the Crucial Role of CCL22 in F. nucleatum-Related Colorectal Tumorigenesis that Correlates With Tumor Microenvironment and Immune Checkpoint Therapy,FRONTIERS IN GENETICS,2022
M052,main,971,,10.3389/fimmu.2022.947407,Immune features of the peritumoral stroma in pancreatic ductal adenocarcinoma,FRONTIERS IN IMMUNOLOGY,2022
M053,main,717,,10.3390/cells11111780,Small Extracellular Vesicles: Key Forces Mediating the Development and Metastasis of Colorectal Cancer,CELLS,2022
M054,main,1357,,10.3390/immuno2040042,Uptake and Advanced Therapy of Butyrate in Inflammatory Bowel Disease,Immuno,2022
M055,main,1234,,10.1097/MD.0000000000028584,Application of fecal microbial transplantation in hepatic encephalopathy after transjugular intrahepatic portosystemic shunt,Medicine (United States),2022
M056,main,1317,,10.3389/fcimb.2022.863779,Mechanisms by Which Traditional Chinese Medicines Influence the Intestinal Flora and Intestinal Barrier,Frontiers in Cellular and Infection Microbiology,2022
M057,main,797,,10.1038/s41392-021-00831-w,Ketogenic diet for human diseases: the underlying mechanisms and potential for clinical implementations,SIGNAL TRANSDUCTION AND TARGETED THERAPY,2022
M058,main,1238,,10.3389/fonc.2022.880876,Mechanisms of Immunotherapy Resistance in Cutaneous Melanoma: Recognizing a Shapeshifter,Frontiers in Oncology,2022
M059,main,1256,,10.1016/j.ebiom.2022.104197,Effects of microbiota on anticancer drugs: Current knowledge and potential applications,eBioMedicine,2022
M060,main,869,,10.1080/17460441.2023.2157402,Tachyplesin I and its derivatives: A pharmaco-chemical perspective on their antimicrobial and antitumor potential,EXPERT OPINION ON DRUG DISCOVERY,2022
M061,main,650,,10.3389/fonc.2022.882874,Prediction of Pathogenic Factors in Dysbiotic Gut Microbiomes of Colorectal Cancer Patients Using Reverse Microbiomics,FRONTIERS IN ONCOLOGY,2022
M062,main,4,,10.1111/1759-7714.14626,Gut microbiota shed new light on the management of immune-related adverse events,THORACIC CANCER,2022
M063,main,573,,10.3390/molecules27248810,Natural Polyphenols for Treatment of Colorectal Cancer,MOLECULES,2022
M064,main,694,,10.3389/fimmu.2022.1038650,Glucose metabolism and tumour microenvironment in pancreatic cancer: A key link in cancer progression,FRONTIERS IN IMMUNOLOGY,2022
M065,main,1306,,10.1016/j.micpath.2022.105795,Future prospects of bacteria-mediated cancer therapies: Affliction or opportunity?,Microbial Pathogenesis,2022
M066,main,1288,,10.5194/jbji-7-177-2022,A comparison of the microbiology profile for periprosthetic joint infection of knee arthroplasty and lower-limb endoprostheses in tumour surgery,Journal of Bone and Joint Infection,2022
M067,main,3,,10.3390/app122010548,The Use of Phytochemicals to Improve the Efficacy of Immune Checkpoint Inhibitors: Opportunities and Challenges,APPLIED SCIENCES-BASEL,2022
M068,main,259,,10.3389/fmed.2022.1060581,Fecal microbiota transplantation in non-communicable diseases: Recent advances and protocols,FRONTIERS IN MEDICINE,2022
M069,main,458,,10.1016/j.drup.2022.100864,"Role of drug catabolism, modulation of oncogenic signaling and tumor microenvironment in microbe-mediated pancreatic cancer chemoresistance",DRUG RESISTANCE UPDATES,2022
M070,main,28,,10.3390/cancers15123159,Biological Biomarkers of Response and Resistance to Immune Checkpoint Inhibitors in Renal Cell Carcinoma,CANCERS,2023
M071,main,186,,10.3389/fimmu.2023.1133308,Tumor microenvironment-mediated immune evasion in hepatocellular carcinoma,FRONTIERS IN IMMUNOLOGY,2023
M072,main,875,,10.1016/j.addr.2023.114960,"Candidiasis: From cutaneous to systemic, new perspectives of potential targets and therapeutic strategies",ADVANCED DRUG DELIVERY REVIEWS,2023
M073,main,64,,10.1038/s41591-023-02453-x,Fecal microbiota transplantation plus anti-PD-1 immunotherapy in advanced melanoma: a phase I trial,NATURE MEDICINE,2023
M074,main,43,,10.1111/exd.14716,Resistance to immune checkpoint inhibitors and the tumor microenvironment,EXPERIMENTAL DERMATOLOGY,2023
M075,main,1222,,10.3389/fphar.2023.1248757,Enteroendocrine cells and gut hormones as potential targets in the crossroad of the gut-kidney axis communication,Frontiers in Pharmacology,2023
M076,main,1360,,10.1038/s41392-023-01720-0,Targeting epigenetic and posttranslational modifications regulating ferroptosis for the treatment of diseases,Signal Transduction and Targeted Therapy,2023
M077,main,231,,10.3389/fimmu.2023.1093233,Case report: Fecal microbiota transplantation in refractory ankylosing spondylitis,FRONTIERS IN IMMUNOLOGY,2023
M078,main,207,,10.1038/s41591-023-02217-7,Gut microbial metabolism of 5-ASA diminishes its clinical efficacy in inflammatory bowel disease,NATURE MEDICINE,2023
M079,main,800,,10.3389/fimmu.2023.1253064,Functions and mechanisms of lactylation in carcinogenesis and immunosuppression,FRONTIERS IN IMMUNOLOGY,2023
M080,main,627,,10.1021/acsami.3c01210,Tumor-Targeting Nanoassembly for Enhanced Colorectal Cancer Therapy by Eliminating Intratumoral Fusobacterium nucleatum,ACS APPLIED MATERIALS & INTERFACES,2023
M081,main,1270,,10.1080/03602532.2023.2252618,Drug transporters in drug disposition–the year 2022 in review,Drug Metabolism Reviews,2023
M082,main,1324,,10.1186/s40168-023-01578-y,Gut microbiome modulates tacrolimus pharmacokinetics through the transcriptional regulation of ABCB1,Microbiome,2023
M083,main,967,,10.12998/wjcc.v11.i17.4105,Flared inflammatory episode transforms advanced myelodysplastic syndrome into aplastic pancytopenia: A case report and literature review,WORLD JOURNAL OF CLINICAL CASES,2023
M084,main,1255,,10.1590/0100-6991e-20233490-en,Fecal microbiota transplantation and its repercussions in patients with melanoma refractory to anti-PD-1 therapy: scope review; [Transplante de microbiota fecal e suas repercussões em pacientes com melanoma refratário à terapia anti-PD-1: revisão de escopo],Revista do Colegio Brasileiro de Cirurgioes,2023
M085,main,687,,10.1038/s41388-022-02584-4,Breast cancer and neurotransmitters: emerging insights on mechanisms and therapeutic directions,ONCOGENE,2023
M086,main,108,,10.3389/fonc.2023.1144534,Dynamic gut microbiota changes in patients with advanced malignancies experiencing secondary resistance to immune checkpoint inhibitors and immune-related adverse events,FRONTIERS IN ONCOLOGY,2023
M087,main,527,,10.1007/s12079-022-00695-x,Role of interleukin-6-mediated inflammation in the pathogenesis of inflammatory bowel disease: focus on the available therapeutic approaches and gut microbiome,JOURNAL OF CELL COMMUNICATION AND SIGNALING,2023
M088,main,1215,,10.1097/MCG.0000000000001914,Efficacy and Safety of Vedolizumab and Tumor Necrosis Factor Inhibitors in the Treatment of Steroid-refractory Microscopic Colitis A Systematic Review and Meta-analysis,Journal of Clinical Gastroenterology,2023
M089,main,864,,10.3390/cancers15225385,Stem Cell Origin of Cancer: Clinical Implications for Cancer Immunity and Immunotherapy,CANCERS,2023
M090,main,659,,10.1016/j.bcp.2023.115797,Aryl hydrocarbon receptor (AhR) and pregnane X receptor (PXR) play both distinct and common roles in the regulation of colon homeostasis and intestinal carcinogenesis,BIOCHEMICAL PHARMACOLOGY,2023
M091,main,1041,,10.1016/j.semcdb.2024.03.001,Symbiotic symphony: Understanding host-microbiota dialogues in a spatial context,Seminars in Cell and Developmental Biology,2024
M092,main,710,,10.1177/1721727X241260258,p-Cymene and pachymic acid alleviate adalimumab-resistance cell line inflammatory response via inhibiting PI3K/AKT/mTOR signaling pathway,EUROPEAN JOURNAL OF INFLAMMATION,2024
M093,main,1107,,10.1080/19390211.2024.2363199,"Prebiotics, Probiotics and Postbiotics: The Changing Paradigm of Functional Foods",Journal of Dietary Supplements,2024
M094,main,995,,10.1016/j.addr.2024.115345,Targeting bacterial metabolites in tumor for cancer therapy: An alternative approach for targeting tumor-associated bacteria,Advanced Drug Delivery Reviews,2024
M095,main,516,,10.1007/s12672-024-01704-8,Crosstalk between gut microbiota and cancer chemotherapy: current status and trends,DISCOVER ONCOLOGY,2024
M096,main,201,,10.1080/19490976.2024.2375483,A powerful machine learning approach to identify interactions of differentially abundant gut microbial subsets in patients with metastatic and non-metastatic pancreatic cancer,GUT MICROBES,2024
M097,main,125,,10.1097/MD.0000000000038991,Immunotherapy for renal cell carcinoma: New therapeutic combinations and adverse event management strategies: A review,MEDICINE,2024
M098,main,31,,10.36849/JDD.7674,The Gastrointestinal Microbiome and Immune Checkpoint Inhibitors: A Review of Human Interventional Studies Among Melanoma Patients,JOURNAL OF DRUGS IN DERMATOLOGY,2024
M099,main,1097,,10.3892/or.2024.8803,Role and functional mechanisms of IL‑17/IL‑17R signaling in pancreatic cancer (Review),Oncology Reports,2024
M100,main,1151,,10.20517/2394-5079.2024.76,Impact of gut microbiome on immunotherapy resistance in hepatocellular carcinoma: a review article,Hepatoma Research,2024
M101,main,1014,,10.1186/s12974-024-03123-6,Decoding Behcet’s Uveitis: an In-depth review of pathogenesis and therapeutic advances,Journal of Neuroinflammation,2024
M102,main,1051,,10.1016/j.ajg.2024.07.008,Washed microbiota transplantation combined with biological agents promotes histological remission in refractory severe ulcerative colitis with recurrent intestinal infection: A case report,Arab Journal of Gastroenterology,2024
M103,main,822,,10.1038/s41598-024-56336-3,Effective treatment of Clostridioides difficile infection improves survival and affects graft-versus-host disease: a multicenter study by the Polish Adult Leukemia Group,SCIENTIFIC REPORTS,2024
M104,main,926,,10.1186/s12896-024-00835-8,Derivation of a novel antimicrobial peptide from the Red Sea Brine Pools modified to enhance its anticancer activity against U2OS cells,BMC BIOTECHNOLOGY,2024
M105,main,613,,10.1016/j.biopha.2024.116203,Tumor immunotherapy resistance: Revealing the mechanism of PD-1 / PD-L1-mediated tumor immune escape,BIOMEDICINE & PHARMACOTHERAPY,2024
M106,main,1062,,10.1055/s-0043-1777768,Evaluation of Plant Essential Oils as Natural Alternatives for Alcohol-based Mouthwashes: Spotlight-Lemongrass and Citronella Java,European Journal of General Dentistry,2024
M107,main,564,,10.1016/j.phymed.2024.156161,Cepharanthine sensitizes gastric cancer cells to chemotherapy by targeting TRIB3-FOXO3-FOXM1 axis to inhibit autophagy,PHYTOMEDICINE,2024
M108,main,362,,10.1016/j.ijbiomac.2024.134212,Review of METTL3 in colorectal cancer: From mechanisms to the therapeutic potential,INTERNATIONAL JOURNAL OF BIOLOGICAL MACROMOLECULES,2024
M109,main,1061,,10.1080/15384047.2024.2342599,Understanding and overcoming resistance to immunotherapy in genitourinary cancers,Cancer Biology and Therapy,2024
M110,main,1091,,10.1016/j.micpath.2024.107089,Inhibition of Candida albicans virulence by moscatin from Dendrobium nobile lindl.,Microbial Pathogenesis,2024
M111,main,1044,,10.20517/cdr.2024.154,Mechanisms of immunotherapy resistance in small cell lung cancer,Cancer Drug Resistance,2024
M112,main,340,,10.3390/biomedicines12040800,Complementary Therapeutic Effect of Fecal Microbiota Transplantation in Ulcerative Colitis after the Response to Anti-Tumor Necrosis Factor Alpha Agent Was Lost: A Case Report,BIOMEDICINES,2024
M113,main,1180,,10.3389/fmicb.2024.1379209,A review for non-antibiotic treatment of Helicobacter pylori: new insight,Frontiers in Microbiology,2024
M114,main,1059,,10.1016/j.cgh.2024.01.013,Coconut Water Induces Clinical Remission in Mild to Moderate Ulcerative Colitis: Double-blind Placebo-controlled Trial,Clinical Gastroenterology and Hepatology,2024
M115,main,1069,,10.1016/j.celbio.2025.100092,Biomimetic “Trojan Horse” nanoparticles with biotactic behavior toward tumor-associated bacteria for targeted therapy of colorectal cancer,Cell Biomaterials,2025
M116,main,1149,,10.1002/mco2.70465,Fusobacterium nucleatum in Health and Disease,MedComm,2025
M117,main,698,,10.3892/mmr.2025.13456,Potential of lactylation as a therapeutic target in cancer treatment (Review),MOLECULAR MEDICINE REPORTS,2025
M118,main,1118,,10.1007/s00210-025-04315-4,Beyond the tumor: the gut microbiome as a key player in immunotherapy efficacy and resistance,Naunyn-Schmiedeberg's Archives of Pharmacology,2025
M119,main,917,,10.1002/adfm.202421288,Engineered Bio-Heterojunction for Effective Treatment of Colorectal Cancer Through Intratumoral Bacteria Scavenging and Autophagy Regulation,ADVANCED FUNCTIONAL MATERIALS,2025
M120,main,147,,10.1016/j.phrs.2025.108020,"Applications of traditional Chinese medicine in cancer immunotherapy via gut microbiota modulation: Current status, mechanisms, challenges and perspectives",PHARMACOLOGICAL RESEARCH,2025
M121,main,814,,10.1016/j.phymed.2025.157509,"A comprehensive review of six dietary polyphenols in colorectal cancer: Pharmacokinetics, mechanism and therapeutic potentials",PHYTOMEDICINE,2025
M122,main,297,,10.1016/j.canlet.2025.217975,"Altering the gut microbiome and tumor microenvironment in advanced liver cancer: A phase II study of nivolumab, tadalafil and oral vancomycin in patients with refractory primary hepatocellular carcinoma or liver dominant metastatic cancer from colorectal or pancreatic cancers",CANCER LETTERS,2025
M123,main,599,,10.3389/fcimb.2025.1528578,Saussurea costus alleviates ulcerative colitis by regulating the gut microbiota and improving intestinal barrier integrity,FRONTIERS IN CELLULAR AND INFECTION MICROBIOLOGY,2025
M124,main,569,,10.1016/j.addr.2025.115647,Overcoming therapy resistance in pancreatic cancer: challenges and emerging strategies,ADVANCED DRUG DELIVERY REVIEWS,2025
M125,main,1139,,10.1016/j.abd.2025.501198,Chronic spontaneous urticaria: update on pathogenesis and therapeutic implications,Anais Brasileiros de Dermatologia,2025
M126,main,169,,10.1007/s10238-025-01902-w,Beyond single biomarkers: multi-omics strategies to predict immunotherapy outcomes in blood cancers,CLINICAL AND EXPERIMENTAL MEDICINE,2025
M127,main,655,,10.1002/smll.202505651,Targeting Intratumoral Bacteria for Cancer Treatment,SMALL,2025
M128,main,998,,10.1016/j.drup.2025.101215,"Resistance to immunotherapy in non-small cell lung cancer: Unraveling causes, developing effective strategies, and exploring potential breakthroughs",Drug Resistance Updates,2025
M129,main,602,,10.1186/s13020-025-01124-y,Natural anti-cancer products: insights from herbal medicine,CHINESE MEDICINE,2025
M130,main,529,,10.1016/j.jep.2025.119319,Glycyrrhiza uralensis Fisch. Attenuates Dioscorea bulbifera L.-induced liver injury by regulating the FXR/Nrf2-BAs-related proteins and intestinal microbiota,JOURNAL OF ETHNOPHARMACOLOGY,2025
M131,main,1088,,10.1080/21691401.2025.2475088,The integration of metabolites from Forsythia suspensa and gut microbiota ameliorates drug-induced liver injury: network pharmacology and molecular docking studies,"Artificial Cells, Nanomedicine and Biotechnology",2025
M132,main,1064,,10.1158/1078-0432.CCR-25-0278,Facts and Hopes: Toward the Next Quantum Leap in Melanoma,Clinical Cancer Research,2025
M133,main,911,,10.2174/0118715206354948250226103832,Quercetin's Potential Therapeutic Role in Human Colorectal Cancer: An Effective Strategy for Prevention and Treatment,ANTI-CANCER AGENTS IN MEDICINAL CHEMISTRY,2025
M134,main,403,,10.1016/j.jconrel.2025.114196,Nanodrug-based therapeutic interventions for tumor-associated microbiota modulation,JOURNAL OF CONTROLLED RELEASE,2025
M135,main,1123,,10.1016/j.foodchem.2025.142833,Effectiveness of newly isolated bacteriophages targeting multidrug-resistant Extraintestinal Pathogenic Escherichia coli strain (TZ1_3) in food preservation and mice health modulation,Food Chemistry,2025
M136,main,546,,10.1007/s11033-025-10361-1,Integrating alternative therapies in overcoming chemotherapy resistance in tumors,MOLECULAR BIOLOGY REPORTS,2025
M137,main,165,,10.21037/tlcr-2025-973,Fecal microbiota transplantation plus immune checkpoint inhibitor rechallenges in patients with advanced non-small cell lung cancer: a single-arm exploratory study,TRANSLATIONAL LUNG CANCER RESEARCH,2025
M138,main,933,,10.1111/febs.17123,"Exploring the human archaeome: its relevance for health and disease, and its complex interplay with the human immune system",FEBS JOURNAL,2025
M139,main,1004,,10.1093/jncics/pkaf024,"Antibiotic treatment and survival in patients with resected, early-stage pancreatic ductal adenocarcinoma receiving chemotherapy",JNCI Cancer Spectrum,2025
M140,main,1079,,10.1016/j.biopha.2025.118875,Immune checkpoint inhibition in renal cell carcinoma: Mechanisms of resistance and emerging therapeutic strategies,Biomedicine and Pharmacotherapy,2025
M141,main,336,,10.3389/fonc.2025.1690541,Gut microbiome alterations and their clinical and biological implications in ovarian cancer: a systematic review,FRONTIERS IN ONCOLOGY,2025
M142,main,387,,10.1038/s41698-025-00960-3,Bifidobacterium boosts anti-PD-1 effectiveness through JAK pathway in hepatocellular carcinoma,NPJ PRECISION ONCOLOGY,2025
M143,main,8,,10.1002/cam4.70994,Gut Microbiota Reshapes the Tumor Microenvironment and Affects the Efficacy of Colorectal Cancer Immunotherapy,CANCER MEDICINE,2025
M144,main,997,,10.1016/j.bneo.2025.100114,Gut Faecalibacterium abundance in patients with plasma cell disorders is associated with survival after autologous HSCT,Blood Neoplasia,2025
M145,main,678,,10.3390/healthcare13080923,New Therapeutic Challenges in Pediatric Gastroenterology: A Narrative Review,HEALTHCARE,2025
M146,main,470,,10.2174/0115748928269276231120103256,Mechanisms of Anti-PD Therapy Resistance in Digestive System Neoplasms,RECENT PATENTS ON ANTI-CANCER DRUG DISCOVERY,2025
M147,main,667,,10.1002/mbo3.70036,Assessing Diversity Scaling in Lung Cancer Microbiome Across Individuals and Tissue Types,MICROBIOLOGYOPEN,2025
M148,main,760,,10.3389/fimmu.2025.1717062,Reprogramming the tumor microenvironment to overcome immunotherapy resistance in pancreatic cancer,FRONTIERS IN IMMUNOLOGY,2025
M149,main,128,,10.3389/fimmu.2025.1604216,Trends and hotspots in research related to tumor immune escape: bibliometric analysis and future perspectives,FRONTIERS IN IMMUNOLOGY,2025
M150,main,536,,10.3389/fphar.2024.1510851,Intratumor microbiome-derived butyrate promotes chemo-resistance in colorectal cancer,FRONTIERS IN PHARMACOLOGY,2025
M151,main,320,,10.1007/s12094-024-03710-2,The gut microbiota is altered significantly in primary diffuse large b-cell lymphoma patients and relapse refractory diffuse large b-cell lymphoma patients,CLINICAL & TRANSLATIONAL ONCOLOGY,2025
M152,main,358,,10.1186/s12935-025-03787-x,The human microbiome: redefining cancer pathogenesis and therapy,CANCER CELL INTERNATIONAL,2025
M153,main,456,,10.1017/erm.2025.10029,Microbiome-driven resistance in cervical cancer therapy: from mechanistic dissection to clinical translation,EXPERT REVIEWS IN MOLECULAR MEDICINE,2025
P01,pilot,1087,,10.1146/annurev-pharmtox-061124-102218,Gut Microbiota–Related Biomarkers in Immuno-Oncology,Annual Review of Pharmacology and Toxicology,2025
P02,pilot,241,,10.1080/14737140.2023.2262765,The long and winding road of faecal microbiota transplants to targeted intervention for improvement of immune checkpoint inhibition therapy,EXPERT REVIEW OF ANTICANCER THERAPY,2023
P03,pilot,716,,10.1097/MEG.0000000000001288,Recurrent Clostridium difficile infection is associated with treatment failure and prolonged illness in cancer patients,EUROPEAN JOURNAL OF GASTROENTEROLOGY & HEPATOLOGY,2019
P04,pilot,1006,,10.3748/wjg.v30.i41.4496,Harnessing the power of Calculus bovis: Anti-cancer properties and Wnt pathway modulation in hepatocellular carcinoma,World Journal of Gastroenterology,2024
P05,pilot,765,,10.1111/apt.13436,Review article: the potential mechanisms of action of rifaximin in the management of inflammatory bowel diseases,ALIMENTARY PHARMACOLOGY & THERAPEUTICS,2016
P06,pilot,1390,,10.1002/path.5255,Recent Advances in Pathology: the 2019 Annual Review Issue of The Journal of Pathology,Journal of Pathology,2019
P07,pilot,78,,10.12788/j.sder.2018.019,Biomarkers for immune therapy in melanoma,SEMINARS IN CUTANEOUS MEDICINE AND SURGERY,2018
P08,pilot,811,,10.6133/apjcn.202406_33(2).0002,Role of dietary nutrients and metabolism in colorectal cancer,ASIA PACIFIC JOURNAL OF CLINICAL NUTRITION,2024
P09,pilot,1084,,10.3390/cancers17132244,Emerging Techniques of Translational Research in Immuno-Oncology: A Focus on Non-Small Cell Lung Cancer,Cancers,2025
P10,pilot,1045,,10.1016/j.berh.2025.102090,Pipeline treatments on psoriatic disease,Best Practice and Research: Clinical Rheumatology,2025
P11,pilot,181,,10.1097/CCO.0000000000000603,Mechanisms of resistance and predictive biomarkers of response to targeted therapies and immunotherapies in metastatic melanoma,CURRENT OPINION IN ONCOLOGY,2020
P12,pilot,957,,10.1177/1759720X20951733,Uveitis in spondyloarthritis,THERAPEUTIC ADVANCES IN MUSCULOSKELETAL DISEASE,2020
P13,pilot,790,,10.1016/j.pbiomolbio.2025.02.003,Advancing targeted therapies in pancreatic cancer: Leveraging molecular abberrations for therapeutic success,PROGRESS IN BIOPHYSICS & MOLECULAR BIOLOGY,2025
P14,pilot,1129,,10.1186/s40168-024-01964-0,Ileal microbial microbiome and its secondary bile acids modulate susceptibility to nonalcoholic steatohepatitis in dairy goats,Microbiome,2024
P15,pilot,1386,,10.5217/ir.2018.00126,Current new challenges in the management of ulcerative colitis,Intestinal Research,2019
P16,pilot,343,,10.1186/s10020-025-01166-w,"Role of the oral-gut microbiota axis in pancreatic cancer: a new perspective on tumor pathophysiology, diagnosis, and treatment",MOLECULAR MEDICINE,2025
P17,pilot,586,,10.1128/mSphere.00068-21,Biotransformation of Doxorubicin Promotes Resilience in Simplified Intestinal Microbial Communities,MSPHERE,2021
P18,pilot,1369,,10.2174/1568009623666230418121130,The Role of Oxidative Stress in the Development and Therapeutic Intervention of Hepatocellular Carcinoma,Current Cancer Drug Targets,2023
P19,pilot,140,,10.1186/s13099-023-00562-z,Gut microbes involvement in gastrointestinal cancers through redox regulation,GUT PATHOGENS,2023
P20,pilot,1173,,10.1371/journal.pone.0253852,Metabolomic and transcriptomic analysis reveals endogenous substrates and metabolic adaptation in rats lacking Abcg2 and Abcb1a transporters,PLoS ONE,2021
P21,pilot,61,,10.1007/s00262-024-03665-x,Bifidobacterium modulation of tumor immunotherapy and its mechanism,CANCER IMMUNOLOGY IMMUNOTHERAPY,2024
P22,pilot,1527,,10.1097/MD.0000000000006479,Fecal microbiota transplantation is a rescue treatment modality for refractory ulcerative colitis,Medicine (United States),2017
P23,pilot,194,,10.1016/j.oraloncology.2023.106623,Gut microbiome predicts gastrointestinal toxicity outcomes from chemoradiation therapy in patients with head and neck squamous cell carcinoma,ORAL ONCOLOGY,2024
P24,pilot,405,,10.7150/ijbs.59262,C. tropicalis promotes chemotherapy resistance in colon cancer through increasing lactate production to regulate the mismatch repair system,INTERNATIONAL JOURNAL OF BIOLOGICAL SCIENCES,2021
P25,pilot,1335,,10.3389/fphar.2023.1272073,Decoding signaling mechanisms: unraveling the targets of guanylate cyclase agonists in cardiovascular and digestive diseases,Frontiers in Pharmacology,2023
P26,pilot,1409,,,Serendipity in refractory celiac disease: Full recovery of duodenal villi and clinical symptoms after fecal microbiota transfer,Journal of Gastrointestinal and Liver Diseases,2016
P27,pilot,216,,10.1152/ajpcell.00201.2024,Targeting the gut and tumor microbiome in cancer treatment resistance,AMERICAN JOURNAL OF PHYSIOLOGY-CELL PHYSIOLOGY,2024
P28,pilot,113,,10.1007/s00262-022-03285-3,Anti-PD-1 antibody-activated Th17 cells subvert re-invigoration of antitumor cytotoxic T-lymphocytes via myeloid cell-derived COX-2/PGE2,CANCER IMMUNOLOGY IMMUNOTHERAPY,2023
P29,pilot,132,,10.3748/wjg.v24.i34.3834,Drug resistance and new therapies in colorectal cancer,WORLD JOURNAL OF GASTROENTEROLOGY,2018
P30,pilot,27,,10.3390/cancers13194824,The Gut Microbiome and Cancer Immunotherapy: Can We Use the Gut Microbiome as a Predictive Biomarker for Clinical Response in Cancer Immunotherapy?,CANCERS,2021
P31,pilot,315,,10.1039/d4fo05449k,Sea cucumber polysaccharides overcome immunotherapy resistance in tumor-bearing mice via modulation of the gut microbiome,FOOD & FUNCTION,2025
P32,pilot,788,,10.1080/19490976.2024.2310215,Colibactin-producing Escherichia coli enhance resistance to chemotherapeutic drugs by promoting epithelial to mesenchymal transition and cancer stem cell emergence,GUT MICROBES,2024
P33,pilot,1347,,10.3389/fmicb.2024.1404652,The preventative effects of Lactococcus Lactis metabolites against LPS-induced sepsis,Frontiers in Microbiology,2024
P34,pilot,750,,10.1016/j.jtct.2023.04.007,Mechanisms of Resistance and Treatment of Relapse after CAR T-cell Therapy for Large B-cell Lymphoma and Multiple Myeloma,TRANSPLANTATION AND CELLULAR THERAPY,2023
P35,pilot,653,,10.3389/fonc.2022.932709,Lung microbiome in children with hematological malignancies and lower respiratory tract infections,FRONTIERS IN ONCOLOGY,2022
P36,pilot,884,,10.17235/reed.2019.6336/2019,Vedolizumab for treatment of chronic refractory pouchitis: a systematic review with pool analysis,REVISTA ESPANOLA DE ENFERMEDADES DIGESTIVAS,2020
P37,pilot,952,,10.32604/biocell.2024.055848,Unveiling the predictive power of bacterial response-related genes signature in hepatocellular carcinoma: with bioinformatics analyses and experimental approaches,BIOCELL,2024
P38,pilot,1314,,10.31083/j.fbl2712338,"The 21st International Conference on Progress in Vaccination against Cancer (PIVAC-22), September 26-28, 2022, Turin, Italy",Frontiers in bioscience (Landmark edition),2022
P39,pilot,781,,10.1021/acsami.4c05921,Inhibition of Transmural Inflammation in Crohn's Disease by Orally Administered Tumor Necrosis Factor-Alpha Deoxyribozymes-Loaded Pyroptosis Nanoinhibitors,ACS APPLIED MATERIALS & INTERFACES,2024
P40,pilot,148,,10.1016/j.bpg.2020.101703,Immunotherapy induced enterocolitis and gastritis - What to do and when?,BEST PRACTICE & RESEARCH CLINICAL GASTROENTEROLOGY,2020
P41,pilot,1385,,,Yeast Extract Induces Apoptosis and Cell Cycle Arrest via Activating p38 Signal Pathway in Colorectal Cancer Cells,Annals of Clinical and Laboratory Science,2020
P42,pilot,477,,10.4014/jmb.2301.01031,Anticancer Effects of Gut Microbiota-Derived Short-Chain Fatty Acids in Cancers,JOURNAL OF MICROBIOLOGY AND BIOTECHNOLOGY,2023
P43,pilot,368,,10.1186/s12920-019-0494-7,Early gut microbiota signature of aGvHD in children given allogeneic hematopoietic cell transplantation for hematological disorders,BMC MEDICAL GENOMICS,2019
P44,pilot,778,,10.1016/j.semcancer.2022.11.012,Holistic immunomodulation for small cell lung cancer,SEMINARS IN CANCER BIOLOGY,2023
P45,pilot,673,,10.1007/s11626-025-01058-7,Enhancement of 5-fluorouracil efficacy in colorectal cancer cells through thymidylate synthase inhibition by sodium propionate,IN VITRO CELLULAR & DEVELOPMENTAL BIOLOGY-ANIMAL,2025
P46,pilot,1399,,10.1016/j.bpg.2018.05.009,The treatment of refractory ulcerative colitis,Best Practice and Research: Clinical Gastroenterology,2018
P47,pilot,1312,,10.18620/ctt-1866-8836-2023-12-3-36-43,Fecal microbiota transplantation for treatment of inflammatory bowel lesions in lymphoma patients: effects on intestinal and blood microbiota,Cellular Therapy and Transplantation,2023
P48,pilot,211,,10.1007/s00262-025-04118-9,Gut modulation to regulate NF-κB in colorectal and gastric cancer therapy and inflammation,CANCER IMMUNOLOGY IMMUNOTHERAPY,2025
P49,pilot,71,,10.3390/cancers13123063,"Microsatellite Instability in Colorectal Cancers: Carcinogenesis, Neo-Antigens, Immuno-Resistance and Emerging Therapies",CANCERS,2021
P50,pilot,337,,10.3390/app12094094,Understanding the Role of the Microbiome in Cancer Diagnostics and Therapeutics by Creating and Utilizing ML Models,APPLIED SCIENCES-BASEL,2022
